Image Name,Views,Views Per Day,Category
JfbnpYLe3Ms.jpg,1681125506,1872077.4,Sports
sUKwTVAc0Vo.jpg,1202502532,1339089.68,Sports
Ko18SgceYX8.jpg,605845488,871720.13,Sports
1-s-xpgT7EE.jpg,582402251,748589.01,Sports
uIppJ6n6FD0.jpg,531992472,508111.24,Sports
jpXKzRUNUPo.jpg,383916339,177821.37,Sports
UXPB4Q3cutI.jpg,375138110,1667280.49,Sports
CPvoejF9k2o.jpg,317433538,314290.63,Sports
6FzhgVv9o68.jpg,280177235,793703.22,Sports
r_oMBmcsmX0.jpg,255680543,689165.88,Sports
9bv0rBDxVrY.jpg,240447315,834886.51,Sports
ZB_1riRjWPM.jpg,238007811,107114.23,Sports
qMzO9lL81Cw.jpg,206156507,218386.13,Sports
rZscmF0eENE.jpg,169408664,350017.9,Sports
B2RlBX5fMb0.jpg,147341477,348325.0,Sports
-miEltuQxto.jpg,141844673,214266.88,Sports
NnNZLCl78Ao.jpg,134649444,229385.76,Sports
_lyAEL4Wqao.jpg,134352857,37455.49,Sports
cMMcaZVxUWA.jpg,133358235,116064.61,Sports
sA_FtB4Etlg.jpg,126552276,368957.07,Sports
F4dIxethVAY.jpg,123840200,177167.67,Sports
CMk1U7zYZxk.jpg,122851263,252780.38,Sports
W8JUDp9q_cI.jpg,118979309,130316.88,Sports
ybvI_dJIc5E.jpg,117518997,562291.85,Sports
1yf7OzfPFiY.jpg,115730026,190345.44,Sports
su2YvRYHRm8.jpg,112409134,80695.72,Sports
wAZ24Vt7Yuk.jpg,112453973,382496.51,Sports
bPvuQKwujPY.jpg,108238492,107379.46,Sports
hJjqXTxj8cs.jpg,106356643,101971.85,Sports
SRjxCcL6cwg.jpg,105828599,101174.57,Sports
3H_Z2DkSmXI.jpg,105245341,200467.32,Sports
J8LQW3MpsB8.jpg,103336337,101210.91,Sports
io1KgYFxs9s.jpg,98328094,197050.29,Sports
kCiIqG8pKps.jpg,94700399,222301.41,Sports
9WrLUc7zsQg.jpg,85871976,250355.62,Sports
eoeIl02oH90.jpg,75649691,356838.17,Sports
yennMjaJI1Q.jpg,73588109,60917.31,Sports
KDNv9yijZUw.jpg,72921633,67395.22,Sports
BRzdu1rp53g.jpg,72106607,70210.91,Sports
Ict9xRkBt4o.jpg,71636128,57217.35,Sports
BWV1f3Y-J9U.jpg,70352018,88271.04,Sports
ghoLMIqEqFM.jpg,68028997,55398.21,Sports
EGKpIOVDXEc.jpg,67558001,140745.84,Sports
KmJrjqciye4.jpg,65814781,62148.05,Sports
1af7esCt-Yc.jpg,65078460,264546.59,Sports
CJ1rauF6ras.jpg,63823752,67395.73,Sports
dwV04XuiWq4.jpg,62990557,28987.83,Sports
7uBpwcn2ZZ0.jpg,61272594,207703.71,Sports
etcJMBZ0L_I.jpg,60624529,166550.9,Sports
kSq5Gfj8PwU.jpg,54373336,132942.14,Sports
